[
  {
    "song": "Panda Beats - No Copyright Music - 🍜 Anime Lofi - Shadow of Shinobi (Copyright Free Music)",
    "file": "./music/15.mp3",
    "time": "00:00:00"
  },
  {
    "song": "Unknown - Unknown",
    "file": "./music/27.mp3",
    "time": "00:02:28"
  },
  {
    "song": "NCS - 2023 Year End MIX  NCS - Copyright Free Music",
    "file": "./music/NCS - 2023 Year End MIX  NCS - Copyright Free Music.mp3",
    "time": "00:00:00"
  },
  {
    "song": "Unknown - Unknown",
    "file": "./music/NCS - 2023 Year End MIX  NCS - Copyright Free Music.mp3",
    "time": "00:00:00"
  },
  {
    "song": "RetroVision - Campfire",
    "file": "./music/RetroVision - Campfire.mp3",
    "time": "00:00:00"
  },
  {
    "song": "Tobu - Colors",
    "file": "./music/Tobu - Colors.mp3",
    "time": "00:03:11"
  },
  {
    "song": "Star Party - Ark",
    "file": "./music/Star Party, Zookeepers - Ark.mp3",
    "time": "00:07:50"
  },
  {
    "song": "Syn Cole - Feel Good",
    "file": "./music/Syn Cole - Feel Good.mp3",
    "time": "00:11:36"
  },
  {
    "song": "Tobu - Cloud 9",
    "file": "./music/Tobu, Itro - Cloud 9.mp3",
    "time": "00:14:38"
  },
  {
    "song": "Laszlo - Fall To Light",
    "file": "./music/Laszlo - Fall To Light.mp3",
    "time": "00:00:00"
  },
  {
    "song": "Unknown - Unknown",
    "file": "./music/Jim Yosef, Alex Skrindo - Passion.mp3",
    "time": "00:03:01"
  },
  {
    "song": "Jim Yosef - Eclipse",
    "file": "./music/Jim Yosef - Eclipse.mp3",
    "time": "00:06:10"
  },
  {
    "song": "JPB - High",
    "file": "./music/JPB - High.mp3",
    "time": "00:00:00"
  },
  {
    "song": "Tobu - Candyland",
    "file": "./music/Tobu - Candyland.mp3",
    "time": "00:03:12"
  },
  {
    "song": "Jim Yosef - Lights",
    "file": "./music/Jim Yosef - Lights.mp3",
    "time": "00:06:33"
  },
  {
    "song": "NIVIRO - Fast Lane",
    "file": "./music/NIVIRO, PollyAnna - Fast Lane.mp3",
    "time": "00:10:18"
  },
  {
    "song": "Lensko - Let's Go!",
    "file": "./music/Lensko - Let's Go!.mp3",
    "time": "00:13:26"
  },
  {
    "song": "Tobu - Candyland",
    "file": "./music/Tobu - Candyland.mp3",
    "time": "00:16:53"
  },
  {
    "song": "Debris - Game Time",
    "file": "./music/Debris, Jonth - Game Time.mp3",
    "time": "00:20:15"
  },
  {
    "song": "Unknown Brain - Control",
    "file": "./music/Unknown Brain, Rival, Jex - Control.mp3",
    "time": "00:22:45"
  },
  {
    "song": "Mountkid - No Lullaby",
    "file": "./music/Mountkid - No Lullaby.mp3",
    "time": "00:25:33"
  },
  {
    "song": "Tobu - Infectious",
    "file": "./music/Tobu - Infectious.mp3",
    "time": "00:28:53"
  },
  {
    "song": "RetroVision - SICC",
    "file": "./music/RetroVision, Domastic - SICC.mp3",
    "time": "00:33:54"
  },
  {
    "song": "Tobu - Colors",
    "file": "./music/Tobu - Colors.mp3",
    "time": "00:36:39"
  },
  {
    "song": "Tobu - Colors",
    "file": "./music/Tobu - Colors.mp3",
    "time": "00:41:19"
  },
  {
    "song": "Unknown - Unknown",
    "file": "./music/Jim Yosef, Alex Skrindo - Passion.mp3",
    "time": "00:45:59"
  },
  {
    "song": "Tobu - Candyland",
    "file": "./music/Tobu - Candyland.mp3",
    "time": "00:49:08"
  },
  {
    "song": "Unknown Brain - Superhero",
    "file": "./music/Unknown Brain, Chris Linton - Superhero.mp3",
    "time": "00:52:29"
  },
  {
    "song": "Unknown Brain - Control",
    "file": "./music/Unknown Brain, Rival, Jex - Control.mp3",
    "time": "00:55:29"
  },
  {
    "song": "Unknown - Unknown",
    "file": "./music/Jim Yosef, Anna Yvette - Linked.mp3",
    "time": "00:58:17"
  },
  {
    "song": "Tobu - Infectious",
    "file": "./music/Tobu - Infectious.mp3",
    "time": "01:00:11"
  },
  {
    "song": "Culture Code - Make Me Move - Tobu Remix",
    "file": "./music/Culture Code, Karra - Make Me Move - Tobu Remix.mp3",
    "time": "00:00:00"
  },
  {
    "song": "JJD - Adventure",
    "file": "./music/JJD - Adventure.mp3",
    "time": "00:00:00"
  },
  {
    "song": "RetroVision - SICC",
    "file": "./music/RetroVision, Domastic - SICC.mp3",
    "time": "00:00:00"
  },
  {
    "song": "Alex Skrindo - Moments",
    "file": "./music/Alex Skrindo, Stahl - Moments.mp3",
    "time": "00:00:00"
  },
  {
    "song": "Mountkid - No Lullaby",
    "file": "./music/Mountkid - No Lullaby.mp3",
    "time": "00:00:00"
  },
  {
    "song": "Elektronomia - Vitality",
    "file": "./music/Elektronomia - Vitality.mp3",
    "time": "00:03:20"
  },
  {
    "song": "Unknown - Unknown",
    "file": "./music/Jim Yosef, Anna Yvette - Linked.mp3",
    "time": "00:07:31"
  },
  {
    "song": "Aero Chord - Time Leap",
    "file": "./music/Aero Chord - Time Leap.mp3",
    "time": "00:09:26"
  },
  {
    "song": "Domastic - Forever",
    "file": "./music/Domastic - Forever.mp3",
    "time": "00:13:07"
  },
  {
    "song": "Tobu - Colors",
    "file": "./music/Tobu - Colors.mp3",
    "time": "00:16:13"
  },
  {
    "song": "Mountkid - No Lullaby",
    "file": "./music/Mountkid - No Lullaby.mp3",
    "time": "00:20:53"
  },
  {
    "song": "Jonth - Non Stop",
    "file": "./music/Jonth, Hilefex - Non Stop.mp3",
    "time": "00:24:14"
  },
  {
    "song": "Lensko - Circles",
    "file": "./music/Lensko - Circles.mp3",
    "time": "00:26:55"
  },
  {
    "song": "Itro - Starbound",
    "file": "./music/Itro, Valcos - Starbound.mp3",
    "time": "00:31:37"
  },
  {
    "song": "Culture Code - Make Me Move - Tobu Remix",
    "file": "./music/Culture Code, Karra - Make Me Move - Tobu Remix.mp3",
    "time": "00:35:04"
  },
  {
    "song": "Diviners - Savannah",
    "file": "./music/Diviners, Philly K. - Savannah.mp3",
    "time": "00:38:06"
  },
  {
    "song": "Diviners - Savannah",
    "file": "./music/Diviners, Philly K. - Savannah.mp3",
    "time": "00:41:35"
  },
  {
    "song": "Lensko - Circles",
    "file": "./music/Lensko - Circles.mp3",
    "time": "00:45:05"
  },
  {
    "song": "Elektronomia - Limitless",
    "file": "./music/Elektronomia - Limitless.mp3",
    "time": "00:49:47"
  },
  {
    "song": "Lensko - Let's Go!",
    "file": "./music/Lensko - Let's Go!.mp3",
    "time": "00:53:51"
  },
  {
    "song": "Distrion - Entropy",
    "file": "./music/Distrion, Alex Skrindo - Entropy.mp3",
    "time": "00:57:18"
  },
  {
    "song": "Unknown - Unknown",
    "file": "./music/Robin Hustin, TobiMorrow, Jex - Light It Up.mp3",
    "time": "01:00:43"
  },
  {
    "song": "Jim Yosef - Arrow",
    "file": "./music/Jim Yosef - Arrow.mp3",
    "time": "01:02:52"
  },
  {
    "song": "RetroVision - Hope",
    "file": "./music/RetroVision - Hope.mp3",
    "time": "01:07:10"
  },
  {
    "song": "Alex Skrindo - Jumbo",
    "file": "./music/Alex Skrindo - Jumbo.mp3",
    "time": "01:10:10"
  },
  {
    "song": "Elektronomia - Sky High",
    "file": "./music/Elektronomia - Sky High.mp3",
    "time": "01:13:35"
  },
  {
    "song": "Lost Sky - Fearless Pt. II",
    "file": "./music/Lost Sky, Chris Linton - Fearless Pt. II.mp3",
    "time": "01:16:44"
  },
  {
    "song": "Clarx - Zig Zag",
    "file": "./music/Clarx - Zig Zag.mp3",
    "time": "01:19:58"
  },
  {
    "song": "RetroVision - Hope",
    "file": "./music/RetroVision - Hope.mp3",
    "time": "01:23:27"
  },
  {
    "song": "Domastic - Forever",
    "file": "./music/Domastic - Forever.mp3",
    "time": "01:26:27"
  },
  {
    "song": "Kovan - Into The Wild",
    "file": "./music/Kovan, Alex Skrindo, Izzy - Into The Wild.mp3",
    "time": "01:29:33"
  },
  {
    "song": "Jim Yosef - Arrow",
    "file": "./music/Jim Yosef - Arrow.mp3",
    "time": "01:32:48"
  },
  {
    "song": "Clarx - Zig Zag",
    "file": "./music/Clarx - Zig Zag.mp3",
    "time": "01:37:07"
  },
  {
    "song": "Distrion - Entropy",
    "file": "./music/Distrion, Alex Skrindo - Entropy.mp3",
    "time": "01:40:35"
  },
  {
    "song": "Cartoon - On & On",
    "file": "./music/Cartoon, Daniel Levi - On & On.mp3",
    "time": "01:44:00"
  },
  {
    "song": "Lensko - Circles",
    "file": "./music/Lensko - Circles.mp3",
    "time": "01:47:28"
  },
  {
    "song": "Jonth - Collapse",
    "file": "./music/Jonth - Collapse.mp3",
    "time": "01:52:10"
  },
  {
    "song": "Clarx - Bones",
    "file": "./music/Clarx - Bones.mp3",
    "time": "01:54:42"
  },
  {
    "song": "Domastic - Forever",
    "file": "./music/Domastic - Forever.mp3",
    "time": "01:57:44"
  },
  {
    "song": "Ash O'Connor - Steeper",
    "file": "./music/Ash O'Connor, Curbi - Steeper.mp3",
    "time": "02:00:50"
  },
  {
    "song": "Itro - Panda",
    "file": "./music/Itro - Panda.mp3",
    "time": "02:04:46"
  },
  {
    "song": "NIVIRO - Memes",
    "file": "./music/NIVIRO - Memes.mp3",
    "time": "02:08:36"
  },
  {
    "song": "Debris - Game Time",
    "file": "./music/Debris, Jonth - Game Time.mp3",
    "time": "02:11:32"
  },
  {
    "song": "Syn Cole - Feel Good",
    "file": "./music/Syn Cole - Feel Good.mp3",
    "time": "02:14:03"
  },
  {
    "song": "Jim Yosef - Lights",
    "file": "./music/Jim Yosef - Lights.mp3",
    "time": "02:17:06"
  },
  {
    "song": "Diviners - Savannah",
    "file": "./music/Diviners, Philly K. - Savannah.mp3",
    "time": "02:20:51"
  },
  {
    "song": "Jonth - Collapse",
    "file": "./music/Jonth - Collapse.mp3",
    "time": "02:24:20"
  },
  {
    "song": "Jim Yosef - Eclipse",
    "file": "./music/Jim Yosef - Eclipse.mp3",
    "time": "02:26:53"
  },
  {
    "song": "Unknown - Unknown",
    "file": "./music/RetroVision - Puzzle - VIP.mp3",
    "time": "02:30:51"
  },
  {
    "song": "LFZ - Popsicle",
    "file": "./music/LFZ - Popsicle.mp3",
    "time": "02:33:02"
  },
  {
    "song": "NIVIRO - Fast Lane",
    "file": "./music/NIVIRO, PollyAnna - Fast Lane.mp3",
    "time": "02:37:28"
  },
  {
    "song": "Mountkid - No Lullaby",
    "file": "./music/Mountkid - No Lullaby.mp3",
    "time": "02:40:36"
  },
  {
    "song": "Janji - Heroes Tonight",
    "file": "./music/Janji, Johnning - Heroes Tonight.mp3",
    "time": "02:43:56"
  },
  {
    "song": "Itro - Starbound",
    "file": "./music/Itro, Valcos - Starbound.mp3",
    "time": "02:47:24"
  },
  {
    "song": "JPB - High",
    "file": "./music/JPB - High.mp3",
    "time": "02:50:51"
  },
  {
    "song": "RetroVision - Hope",
    "file": "./music/RetroVision - Hope.mp3",
    "time": "02:54:04"
  },
  {
    "song": "Aero Chord - Shootin Stars",
    "file": "./music/Aero Chord, Ddark - Shootin Stars.mp3",
    "time": "02:57:04"
  },
  {
    "song": "Clarx - Bones",
    "file": "./music/Clarx - Bones.mp3",
    "time": "03:01:30"
  },
  {
    "song": "Culture Code - Make Me Move - Tobu Remix",
    "file": "./music/Culture Code, Karra - Make Me Move - Tobu Remix.mp3",
    "time": "03:04:32"
  },
  {
    "song": "Tobu - Cloud 9",
    "file": "./music/Tobu, Itro - Cloud 9.mp3",
    "time": "03:07:34"
  },
  {
    "song": "Kovan - Skyline",
    "file": "./music/Kovan, Electro-Light - Skyline.mp3",
    "time": "03:12:13"
  },
  {
    "song": "Different Heaven - Nekozilla",
    "file": "./music/Different Heaven - Nekozilla.mp3",
    "time": "00:00:00"
  },
  {
    "song": "RetroVision - SICC",
    "file": "./music/RetroVision, Domastic - SICC.mp3",
    "time": "00:02:48"
  },
  {
    "song": "Lost Sky - Fearless Pt. II",
    "file": "./music/Lost Sky, Chris Linton - Fearless Pt. II.mp3",
    "time": "00:05:33"
  },
  {
    "song": "RetroVision - Campfire",
    "file": "./music/RetroVision - Campfire.mp3",
    "time": "00:08:48"
  },
  {
    "song": "LFZ - Popsicle",
    "file": "./music/LFZ - Popsicle.mp3",
    "time": "00:11:59"
  },
  {
    "song": "RetroVision - SICC",
    "file": "./music/RetroVision, Domastic - SICC.mp3",
    "time": "00:00:00"
  },
  {
    "song": "Kovan - Into The Wild",
    "file": "./music/Kovan, Alex Skrindo, Izzy - Into The Wild.mp3",
    "time": "00:00:00"
  },
  {
    "song": "NIVIRO - Memes",
    "file": "./music/NIVIRO - Memes.mp3",
    "time": "00:00:00"
  },
  {
    "song": "Lost Sky - Fearless Pt. II",
    "file": "./music/Lost Sky, Chris Linton - Fearless Pt. II.mp3",
    "time": "00:00:00"
  },
  {
    "song": "Disfigure - Blank",
    "file": "./music/Disfigure - Blank.mp3",
    "time": "00:00:00"
  },
  {
    "song": "Lost Sky - Fearless Pt. II",
    "file": "./music/Lost Sky, Chris Linton - Fearless Pt. II.mp3",
    "time": "00:00:00"
  },
  {
    "song": "John Kenza - Wicked",
    "file": "./music/John Kenza - Wicked.mp3",
    "time": "00:03:14"
  },
  {
    "song": "Ahxello - Frisbee",
    "file": "./music/Ahxello - Frisbee.mp3",
    "time": "00:00:00"
  },
  {
    "song": "Jensation - Delicious",
    "file": "./music/Jensation - Delicious.mp3",
    "time": "00:00:00"
  },
  {
    "song": "Clarx - Bones",
    "file": "./music/Clarx - Bones.mp3",
    "time": "00:00:00"
  },
  {
    "song": "Alan Walker - Dreamer",
    "file": "./music/Alan Walker - Dreamer.mp3",
    "time": "00:00:00"
  },
  {
    "song": "RetroVision - Hope",
    "file": "./music/RetroVision - Hope.mp3",
    "time": "00:00:00"
  },
  {
    "song": "Unknown - Unknown",
    "file": "./music/3rd Prototype - Feel So Good.mp3",
    "time": "00:00:00"
  },
  {
    "song": "Itro - Panda",
    "file": "./music/Itro - Panda.mp3",
    "time": "00:00:00"
  },
  {
    "song": "Cartoon - Why We Lose",
    "file": "./music/Cartoon, Coleman Trapp - Why We Lose.mp3",
    "time": "00:00:00"
  },
  {
    "song": "Lost Sky - Fearless Pt. II",
    "file": "./music/Lost Sky, Chris Linton - Fearless Pt. II.mp3",
    "time": "00:00:00"
  },
  {
    "song": "Clarx - Zig Zag",
    "file": "./music/Clarx - Zig Zag.mp3",
    "time": "00:00:00"
  },
  {
    "song": "Clarx - Zig Zag",
    "file": "./music/Clarx - Zig Zag.mp3",
    "time": "00:00:00"
  },
  {
    "song": "Unknown Brain - Superhero",
    "file": "./music/Unknown Brain, Chris Linton - Superhero.mp3",
    "time": "00:00:00"
  },
  {
    "song": "Elektronomia - Limitless",
    "file": "./music/Elektronomia - Limitless.mp3",
    "time": "00:00:00"
  },
  {
    "song": "Disfigure - Blank",
    "file": "./music/Disfigure - Blank.mp3",
    "time": "00:00:00"
  },
  {
    "song": "Unknown Brain - Superhero",
    "file": "./music/Unknown Brain, Chris Linton - Superhero.mp3",
    "time": "00:00:00"
  },
  {
    "song": "Distrion - Drakkar",
    "file": "./music/Distrion, Electro-Light - Drakkar.mp3",
    "time": "00:02:59"
  },
  {
    "song": "Jonth - Non Stop",
    "file": "./music/Jonth, Hilefex - Non Stop.mp3",
    "time": "00:06:34"
  },
  {
    "song": "Cartoon - Why We Lose",
    "file": "./music/Cartoon, Coleman Trapp - Why We Lose.mp3",
    "time": "00:09:15"
  },
  {
    "song": "Lost Sky - Fearless Pt. II",
    "file": "./music/Lost Sky, Chris Linton - Fearless Pt. II.mp3",
    "time": "00:12:33"
  },
  {
    "song": "Alan Walker - Dreamer",
    "file": "./music/Alan Walker - Dreamer.mp3",
    "time": "00:15:47"
  },
  {
    "song": "Rob Gasser - Vertigo - Spitfya Remix",
    "file": "./music/Rob Gasser, Laura Brehm - Vertigo - Spitfya Remix.mp3",
    "time": "00:18:23"
  },
  {
    "song": "Jonth - Collapse",
    "file": "./music/Jonth - Collapse.mp3",
    "time": "00:20:46"
  },
  {
    "song": "Jensation - Donuts",
    "file": "./music/Jensation - Donuts.mp3",
    "time": "00:23:18"
  },
  {
    "song": "Audioscribe - Free Fall",
    "file": "./music/Audioscribe - Free Fall.mp3",
    "time": "00:25:41"
  },
  {
    "song": "Elektronomia - Free",
    "file": "./music/Elektronomia, JJD - Free.mp3",
    "time": "00:00:00"
  },
  {
    "song": "Jim Yosef - Lights",
    "file": "./music/Jim Yosef - Lights.mp3",
    "time": "00:04:00"
  },
  {
    "song": "Distrion - Entropy",
    "file": "./music/Distrion, Alex Skrindo - Entropy.mp3",
    "time": "00:00:00"
  },
  {
    "song": "Jim Yosef - Lights",
    "file": "./music/Jim Yosef - Lights.mp3",
    "time": "00:00:00"
  },
  {
    "song": "Janji - Heroes Tonight",
    "file": "./music/Janji, Johnning - Heroes Tonight.mp3",
    "time": "00:03:45"
  },
  {
    "song": "Tobu - Sunburst",
    "file": "./music/Tobu, Itro - Sunburst.mp3",
    "time": "00:07:13"
  }
]